备盒,版蔓辑,颇免家 棺 瘤备措,脚绊免悼 炼雀扁埃,脚绊免悼 扒荐
堡林堡开矫版蔓没,堡林堡魂辑,荐肯瘤备措,2023-01-01~2024-01-30,24686
堡林堡开矫版蔓没,堡林堡魂辑,快魂瘤备措,2023-01-01~2024-01-30,11627
堡林堡开矫版蔓没,堡林堡魂辑,岿邦瘤备措,2023-01-01~2024-01-30,9988
堡林堡开矫版蔓没,堡林堡魂辑,梅窜瘤备措,2023-01-01~2024-01-30,17004
堡林堡开矫版蔓没,堡林堡魂辑,悼邦颇免家,2023-01-01~2024-01-30,564
堡林堡开矫版蔓没,堡林堡魂辑,窍巢颇免家,2023-01-01~2024-01-30,6661
堡林堡开矫版蔓没,堡林堡魂辑,伙档颇免家,2023-01-01~2024-01-30,581
堡林堡开矫版蔓没,堡林堡魂辑,夯樊颇免家,2023-01-01~2024-01-30,202
堡林堡开矫版蔓没,堡林堡魂辑,档魂颇免家,2023-01-01~2024-01-30,8656
堡林堡开矫版蔓没,堡林堡魂辑,价沥颇免家,2023-01-01~2024-01-30,3499
堡林堡开矫版蔓没,堡林堡魂辑,烙邦颇免家,2023-01-01~2024-01-30,333
堡林堡开矫版蔓没,堡林堡魂辑,厚酒颇免家,2023-01-01~2024-01-30,2615
堡林堡开矫版蔓没,堡林堡魂辑,乞悼颇免家,2023-01-01~2024-01-30,1675
堡林堡开矫版蔓没,堡林悼何辑,陛巢瘤备措,2023-01-01~2024-01-30,15481
堡林堡开矫版蔓没,堡林悼何辑,瘤盔颇免家,2023-01-01~2024-01-30,3491
堡林堡开矫版蔓没,堡林悼何辑,切辑颇免家,2023-01-01~2024-01-30,5902
堡林堡开矫版蔓没,堡林悼何辑,魂荐颇免家,2023-01-01~2024-01-30,6240
堡林堡开矫版蔓没,堡林悼何辑,瘤魂颇免家,2023-01-01~2024-01-30,1713
堡林堡开矫版蔓没,堡林辑何辑,惑公瘤备措,2023-01-01~2024-01-30,27313
堡林堡开矫版蔓没,堡林辑何辑,陛龋瘤备措,2023-01-01~2024-01-30,16640
堡林堡开矫版蔓没,堡林辑何辑,拳沥瘤备措,2023-01-01~2024-01-30,17521
堡林堡开矫版蔓没,堡林辑何辑,丑己颇免家,2023-01-01~2024-01-30,6093
堡林堡开矫版蔓没,堡林辑何辑,悼玫颇免家,2023-01-01~2024-01-30,7052
堡林堡开矫版蔓没,堡林辑何辑,堪林颇免家,2023-01-01~2024-01-30,892
堡林堡开矫版蔓没,堡林辑何辑,浅鞠颇免家,2023-01-01~2024-01-30,931
堡林堡开矫版蔓没,堡林巢何辑,措锰颇免家,2023-01-01~2024-01-30,1243
堡林堡开矫版蔓没,堡林巢何辑,归款瘤备措,2023-01-01~2024-01-30,9609
堡林堡开矫版蔓没,堡林巢何辑,规覆瘤备措,2023-01-01~2024-01-30,9275
堡林堡开矫版蔓没,堡林巢何辑,瓤傣瘤备措,2023-01-01~2024-01-30,10215
堡林堡开矫版蔓没,堡林巢何辑,剧覆颇免家,2023-01-01~2024-01-30,2725
堡林堡开矫版蔓没,堡林巢何辑,林岿颇免家,2023-01-01~2024-01-30,3954
堡林堡开矫版蔓没,堡林合何辑,悼款瘤备措,2023-01-01~2024-01-30,12775
堡林堡开矫版蔓没,堡林合何辑,滴鞠瘤备措,2023-01-01~2024-01-30,11074
堡林堡开矫版蔓没,堡林合何辑,侩豪瘤备措,2023-01-01~2024-01-30,8181
堡林堡开矫版蔓没,堡林合何辑,老邦瘤备措,2023-01-01~2024-01-30,13590
堡林堡开矫版蔓没,堡林合何辑,巩蕊瘤备措,2023-01-01~2024-01-30,9549
堡林堡开矫版蔓没,堡林合何辑,开傈瘤备措,2023-01-01~2024-01-30,7191
堡林堡开矫版蔓没,堡林合何辑,扒惫瘤备措,2023-01-01~2024-01-30,13690
堡林堡开矫版蔓没,堡林合何辑,快魂瘤备措,2023-01-01~2024-01-30,16231
堡林堡开矫版蔓没,堡林合何辑,籍邦颇免家,2023-01-01~2024-01-30,700
